{
  "project_info": {
    "project_number": "872856441353",
    "firebase_url": "https://mobeenchat.firebaseio.com",
    "project_id": "mobeenchat",
    "storage_bucket": "mobeenchat.appspot.com"
  },
  "client": [
    {
      "client_info": {
        "mobilesdk_app_id": "1:872856441353:android:712e78c9dcd996076fded8",
        "android_client_info": {
          "package_name": "com.example.mobeenchat"
        }
      },
      "oauth_client": [
        {
          "client_id": "872856441353-uk9bmemnk0ht769kp9fmkj77a2d6dfd9.apps.googleusercontent.com",
          "client_type": 1,
          "android_info": {
            "package_name": "com.example.mobeenchat",
            "certificate_hash": "159d28a0c276f472e47204dde9fbaed5faa8c7cc"
          }
        },
        {
          "client_id": "872856441353-edb4j9cgqc7slkec6nh88i3bsu235u9u.apps.googleusercontent.com",
          "client_type": 3
        }
      ],
      "api_key": [
        {
          "current_key": "AIzaSyBCqY3j6LY1_3uYel6LAZ42J91gxcV58d4"
        }
      ],
      "services": {
        "appinvite_service": {
          "other_platform_oauth_client": [
            {
              "client_id": "872856441353-edb4j9cgqc7slkec6nh88i3bsu235u9u.apps.googleusercontent.com",
              "client_type": 3
            }
          ]
        }
      }
    }
  ],
  "configuration_version": "1"
}